Lokasi,Luas_Bangunan,Jumlah_Kamar,Fasilitas,Harga_Properti
Kota Dumai,70.05843641541055,3,2,389.45612633804586
Kota Padang,181.12784739256367,4,0,754.1840268100294
Kota Dumai,152.5992067474154,1,0,481.8152873562248
Kota Dumai,295.59465422715164,5,2,1152.3397265079964
Kota Padang,78.00972554201309,3,3,465.19331756491744
Kota Padang,149.4638997614354,2,1,587.1429017284015
Kota Dumai,292.3676083188422,3,3,1099.775055768043
Kota Jambi,266.37678147349504,2,1,920.8897208415417
Kota Dumai,254.26801773731998,3,0,864.978564591477
Kota Dumai,114.47570676123496,2,3,501.9296015195751
Kota Dumai,92.72189684751646,4,1,507.24935388634617
Kota Dumai,217.16080498110776,2,2,780.7877499921315
Kota Padang,282.34399728189646,2,0,932.7821079895247
Kota Dumai,189.19072325348245,1,2,686.4605775235211
Kota Jambi,192.90317236747495,2,0,677.5037372745926
Kota Padang,119.99477341507104,1,3,479.0802236380607
Kota Jambi,242.37323329798423,5,3,1052.60232912634
Kota Jambi,96.76093713938084,1,0,320.25406988804093
Kota Jambi,130.91980910106093,4,0,596.6235757574666
Kota Jambi,156.3591096541042,1,0,545.4702188518586
Kota Padang,176.90259467111377,5,3,877.0922476793357
Kota Padang,110.60243310377007,4,1,552.606027255604
Kota Jambi,78.70920618480088,3,2,421.3687476074611
Kota Jambi,202.65501061040814,3,2,803.3455131939751
Kota Padang,122.15763831006394,1,3,481.3456558707423
Kota Padang,195.30955535565306,1,2,703.6638273895823
Kota Padang,88.59067881855057,5,0,495.84420267231036
Kota Dumai,170.28502546370436,5,1,775.2576146677926
Kota Dumai,183.14735813789648,2,2,667.0992478761592
Kota Dumai,62.95588420560673,5,1,438.6257549008686
Kota Jambi,134.15106954848017,2,0,509.984688948223
Kota Dumai,83.60366923474356,4,2,507.0081645369712
Kota Jambi,65.84374261819194,1,3,294.5433939797009
Kota Jambi,297.4900580974863,4,1,1127.9120700719648
Kota Dumai,130.58846124368074,5,0,663.9969568736816
Kota Jambi,252.4686114636587,4,1,1016.0999543596439
Kota Dumai,113.66016369094096,4,2,582.3754280496438
Kota Dumai,220.3756805559823,4,2,888.3317511190643
Kota Padang,240.05696497242164,5,3,1010.1214562851469
Kota Dumai,198.90968515196107,4,0,774.6931914974854
Kota Padang,167.8940471375396,2,0,628.6777554406909
Kota Dumai,152.9602285368171,5,3,738.5787787513383
Kota Dumai,137.21706663574884,4,3,696.0061696202706
Kota Padang,282.38228606195645,5,0,1079.7780376008263
Kota Padang,257.6548519469323,3,1,929.2604318836088
Kota Dumai,291.25672766662814,2,1,990.7390738996847
Kota Jambi,81.07430587138619,4,3,489.14982662282836
Kota Padang,232.71686880091107,3,1,886.7902015019248
Kota Jambi,284.58511420525946,3,0,1040.022221655434
Kota Jambi,95.30826654141504,5,2,562.7761564731824
Kota Jambi,66.62406684169437,3,2,381.2274437417906
Kota Padang,235.28016232251477,2,1,822.5740708218663
Kota Jambi,193.61827829497798,2,3,751.6759701547868
Kota Padang,260.457194189568,1,3,888.3018969895868
Kota Jambi,84.94309415657237,2,3,442.574430690769
Kota Dumai,248.81682796497256,3,3,979.3829622261562
Kota Dumai,100.40683001193614,2,3,437.51124296390645
Kota Padang,90.91398571642613,5,1,553.161320460775
Kota Dumai,91.06644948274823,1,2,393.60613319443473
Kota Dumai,253.64368005784553,3,2,941.0354212581989
Kota Jambi,216.29930517405003,1,1,713.012618086279
Kota Padang,180.76635619227983,3,3,741.7383286197804
Kota Jambi,139.70762103087563,5,1,678.9813507821567
Kota Jambi,269.3001352032771,1,2,864.5313745716103
Kota Jambi,148.11127685565884,4,0,617.7675315376755
Kota Jambi,254.14985986789426,3,1,933.9990539784274
Kota Jambi,159.7837271425546,4,3,769.6231409207193
Kota Jambi,144.2361073562269,1,2,510.441105818315
Kota Jambi,165.6699464174016,4,2,724.1546931932336
Kota Padang,125.34446854103552,4,2,650.0638270315212
Kota Dumai,236.90234504406277,1,2,778.5418858958686
Kota Jambi,175.6800975231198,5,3,803.815429315231
Kota Jambi,108.05317378670432,4,0,507.589212637363
Kota Jambi,274.89364331864215,4,2,1051.425240380039
Kota Jambi,145.97280534330287,5,1,672.9693543360073
Kota Jambi,185.88821527849714,4,0,755.1038117099993
Kota Jambi,276.61802774113676,4,2,1088.823010220641
Kota Dumai,206.05949897849803,4,0,792.4594014611976
Kota Dumai,79.22451017709102,2,1,359.42509491034485
Kota Jambi,284.9580309033688,5,2,1152.792806222642
Kota Dumai,206.92701326785448,4,1,839.1133542980775
Kota Padang,133.72640366427152,5,3,714.8930627876357
Kota Jambi,84.81801816584681,3,2,448.40059974944467
Kota Padang,248.506297317574,3,2,919.2643328143533
Kota Padang,205.01818898212838,4,2,885.0262183866225
Kota Jambi,183.36527299408039,5,2,865.0509556637654
Kota Dumai,273.4731457627394,5,3,1154.2176652330415
Kota Padang,247.14930280613268,5,2,1051.7214232292754
Kota Jambi,87.91871993318779,2,0,332.2565704109029
Kota Padang,127.93051694888706,3,2,592.3127984029005
Kota Padang,112.12228495361643,5,3,659.4788834118395
Kota Padang,235.98657314316924,5,2,967.2292471306321
Kota Padang,58.38310868394485,2,0,270.851118948833
Kota Dumai,192.47242121782912,2,3,742.9531326399931
Kota Padang,240.61467143517262,5,3,1065.1303562680107
Kota Padang,269.19140919043735,1,0,872.0687047291973
Kota Padang,135.52043717897686,5,0,639.2699969913646
Kota Dumai,255.31432616800322,5,0,1049.850747673049
Kota Padang,77.6579342388018,2,0,333.8493979706832
Kota Padang,261.61307293362955,2,0,879.7223960628268
Kota Dumai,81.8721655829956,5,3,549.0741328172106
Kota Dumai,149.32182264009182,5,3,725.4943631598128
Kota Dumai,249.32384144488842,5,2,1035.7761342583424
Kota Padang,87.47935683719345,2,2,412.3877756576935
Kota Dumai,107.31284880816037,5,1,584.2308798739767
Kota Dumai,230.56314209826658,5,2,990.0984758397509
Kota Padang,230.00913413651858,4,2,912.7395809912721
Kota Dumai,210.28690822132432,1,0,678.0421663784206
Kota Padang,223.487111116775,3,0,826.7921398824977
Kota Jambi,185.68111083689905,1,2,650.8365500519656
Kota Dumai,112.94976472673818,4,1,526.7399923858336
Kota Jambi,136.42399837597986,3,0,550.491876110515
Kota Padang,95.39942920035642,5,2,609.7475462073214
Kota Dumai,277.11264033340706,4,2,1061.488999513611
Kota Padang,195.84794869153012,5,3,897.8599969568272
Kota Jambi,150.21285419090998,2,1,568.903447561751
Kota Padang,165.50145091103317,4,3,787.8691479114925
Kota Dumai,286.82083490295383,2,1,1006.269867152755
Kota Dumai,88.33785077902004,4,0,481.1641723334363
Kota Jambi,196.5574580041993,4,1,790.2075277451472
Kota Padang,176.4721697211165,2,2,676.6001701471911
Kota Dumai,202.86355885866195,3,2,809.9495114374885
Kota Jambi,54.52754595521013,1,1,219.61054115370928
Kota Dumai,268.03097723603787,5,1,1056.6825895911597
Kota Dumai,283.0295706209031,4,1,1103.18899480685
Kota Padang,191.28329589730222,5,3,877.8338214475681
Kota Dumai,224.16270596922305,2,1,824.7876542858921
Kota Padang,280.6248452943239,5,0,1111.8164109928623
Kota Dumai,226.80965857834966,2,3,848.5865113825554
Kota Jambi,88.13476072856534,5,3,583.4549109128858
Kota Dumai,194.0720900417033,1,1,624.2078789184945
Kota Padang,201.67876159571398,1,0,659.1717803838303
Kota Padang,156.0326678255965,1,3,606.438411736422
Kota Jambi,234.11105890618072,1,2,805.9599667822544
Kota Dumai,283.59175369225375,1,3,963.8619948180494
Kota Dumai,281.39212822669407,1,1,948.4151285964228
Kota Jambi,162.70984285103305,2,0,584.4287140998831
Kota Dumai,78.30951146018882,4,1,442.5374208801328
Kota Dumai,296.21029974058365,5,2,1181.707537543316
Kota Padang,259.7245216114835,1,2,884.5029121966825
Kota Dumai,81.16567030081671,2,2,349.1411289862849
Kota Dumai,280.2104706543431,2,1,966.3287848328376
Kota Jambi,267.4740905155321,2,3,978.6291718573225
Kota Jambi,179.70951428151804,4,1,753.7357103386169
Kota Padang,197.81885893623232,5,0,865.5958721347497
Kota Dumai,149.75067596753257,4,3,722.0757611508192
Kota Dumai,63.69040970550783,3,2,423.8988914867451
Kota Dumai,133.79931041147523,2,1,506.38587328280136
Kota Padang,250.71336214950287,3,2,958.7542834584303
Kota Padang,51.15800575115072,1,2,223.12753909750407
Kota Jambi,133.37479292278604,1,0,417.81704974282366
Kota Padang,149.54217339773584,4,3,667.9159033368501
Kota Dumai,184.3489007344807,5,0,813.8131826513807
Kota Dumai,279.9639041031901,3,0,993.5766705884523
Kota Padang,136.5864985914903,5,0,650.1784746272358
Kota Dumai,136.73830047405693,4,2,614.7448147431785
Kota Dumai,234.3753120274371,1,0,739.3182035595378
Kota Padang,163.05448522245177,5,0,739.2453158208643
Kota Padang,106.1512057349955,5,3,644.3170045408484
Kota Dumai,163.10987903317334,1,3,598.9989220945675
Kota Dumai,85.21425509494996,3,0,410.6839721389554
Kota Dumai,94.09674662655583,1,3,384.76759226018476
Kota Jambi,174.59194318486993,5,3,868.7603136051529
Kota Jambi,154.73136237613699,3,0,593.8290942418464
Kota Jambi,278.711475267025,3,2,1012.1496614553724
Kota Padang,140.59847477915827,1,0,461.94826285760456
Kota Jambi,195.14708756951086,5,3,906.295350668067
Kota Padang,208.0660719798826,4,2,843.4210201439101
Kota Padang,53.27361414708341,5,1,432.53521425221015
Kota Jambi,215.88434300417765,2,2,790.951231881064
Kota Jambi,94.50899171743785,4,3,529.6398157376459
Kota Jambi,290.2675793673638,3,2,1067.4023273212285
Kota Dumai,87.16568193827824,4,0,441.34076784008613
Kota Jambi,153.65603093175594,3,1,608.6266099460329
Kota Dumai,71.33741701966096,3,1,386.0043661894117
Kota Padang,299.21856296148684,4,1,1084.4605771748993
Kota Dumai,175.54875258281066,3,3,693.7502036974272
Kota Jambi,198.84625433001094,3,3,817.1954290059689
Kota Padang,66.76911934710687,2,1,341.286756893144
Kota Padang,237.49011759979444,5,2,993.1342904255328
Kota Padang,102.47639827389645,5,1,564.067781779734
Kota Dumai,274.51357236017844,2,2,983.6514216000265
Kota Jambi,101.28491012050179,4,2,520.943966001527
Kota Padang,97.67193016591665,1,3,375.7483380033268
Kota Padang,59.13741696202372,1,2,281.5649793602409
Kota Padang,168.01673627749983,1,1,574.2309725627456
Kota Dumai,191.2102833156541,2,3,754.928384732767
Kota Dumai,66.4271598570881,2,0,256.47616199570473
Kota Jambi,243.88190417375264,3,0,853.6322326988867
Kota Dumai,163.3222086870069,1,3,600.2532672579039
Kota Padang,181.09756733189502,4,1,771.6461759653608
Kota Jambi,160.19068673455703,4,0,697.5120019574603
Kota Padang,150.1907652188315,1,0,504.06865103267
Kota Padang,189.91008282705448,1,2,663.0233515883349
Kota Dumai,88.81006148267812,1,2,348.6421535874304
Kota Jambi,95.48203262381779,2,1,438.2641959695437
Kota Dumai,265.44640525337934,2,3,934.2787466507281
Kota Dumai,286.5288655334082,2,1,986.7669996513433
Kota Jambi,143.32732906993823,5,3,720.2258105180542
Kota Padang,117.68616828588844,4,0,563.7540757737655
Kota Padang,210.99988580975395,4,2,852.2593060415064
Kota Jambi,152.18354277452408,3,1,641.4269422935814
Kota Padang,56.346588915086215,2,1,291.28186568174897
Kota Jambi,89.03814934154758,5,3,612.0072314898164
Kota Jambi,228.9930572118494,5,3,991.3587786901164
Kota Dumai,214.73098547753784,4,1,872.6922787575644
Kota Jambi,56.773998125870875,2,3,314.7288687683984
Kota Dumai,105.49304048323737,3,1,480.72126132088624
Kota Padang,107.76869914701786,2,1,445.4210870299406
Kota Padang,217.9731858996821,1,1,693.3751592496188
Kota Padang,54.92763443859104,2,0,236.4304246320777
Kota Padang,76.02714549614346,1,3,350.0786224851433
Kota Dumai,249.97902134329735,1,2,837.0153275992585
Kota Padang,94.6361655135834,3,2,462.0499658797898
Kota Jambi,213.18652696296868,4,3,884.819857280571
Kota Jambi,109.54569526168163,2,1,434.667309870571
Kota Jambi,74.86034818983629,1,2,316.83205886967346
Kota Dumai,110.79304774986352,2,2,481.2798605319144
Kota Padang,230.5667329639148,4,3,909.8580542992399
Kota Padang,263.9241170265714,4,2,1060.0290322151122
Kota Padang,257.5549661417479,5,1,1069.4989136840836
Kota Dumai,149.2958824046137,4,3,661.2745519429031
Kota Jambi,217.02128414266153,3,1,842.7823863544405
Kota Jambi,101.24607385395524,1,2,414.84259858848657
Kota Padang,123.28693256525331,5,2,659.8697075795108
Kota Jambi,274.08395463027995,3,1,966.3084914531422
Kota Jambi,53.25048087768401,2,0,280.05600446635344
Kota Dumai,71.37713271361702,1,2,299.306776814904
Kota Dumai,101.97156378650683,4,0,516.8922682358996
Kota Dumai,56.63305096845493,1,2,304.28317834460034
Kota Dumai,95.35885877244934,2,0,391.11331132982036
Kota Padang,195.76039024242306,5,0,818.9434768928979
Kota Dumai,155.3561376481245,5,0,709.353793045979
Kota Jambi,273.1679277692437,5,1,1073.7148761029114
Kota Padang,254.3608904346102,4,0,971.7524656528011
Kota Jambi,135.45433792446897,3,0,540.2416625984108
Kota Jambi,114.85585835782312,3,0,485.1105466264765
Kota Jambi,144.92310204181672,1,2,499.08069863729816
Kota Dumai,197.57373562870194,4,0,790.079466775723
Kota Dumai,117.01591020571907,5,2,644.5828264831982
Kota Padang,206.0372269622835,5,0,814.4159199445007
Kota Padang,152.3529130478101,2,0,562.2502103730347
Kota Dumai,188.01179521299505,2,1,683.1213810170497
Kota Jambi,159.03163228382917,5,2,751.795057876365
Kota Padang,123.61643988547942,5,0,661.4218981418358
Kota Dumai,287.11332674053915,4,2,1120.5095107737125
Kota Dumai,240.90144853994022,3,2,890.7762958967926
Kota Dumai,85.02829394161313,2,3,431.8496194162622
Kota Jambi,267.1169939744782,3,1,996.2409434438557
Kota Dumai,171.8577995623784,4,1,738.2138171394863
Kota Dumai,273.6380567235228,5,1,1098.143010909515
Kota Dumai,249.9638139868288,3,3,966.6583752989183
Kota Dumai,156.30337611730835,5,3,737.1938111734594
Kota Padang,55.61732708002935,5,1,433.11458930308004
Kota Padang,117.16933984623653,1,3,456.729762699029
Kota Dumai,185.40855366521674,3,3,794.8287737268479
Kota Jambi,208.36955495653683,3,3,841.783222140848
Kota Padang,114.47192135830058,5,1,607.4635448325679
Kota Dumai,84.83901851820603,4,1,472.7145607347979
Kota Padang,258.7325591998248,1,1,866.6653892320223
Kota Padang,296.10054517588804,5,3,1194.6099422627578
Kota Jambi,181.42254557567145,2,1,650.3037260651822
Kota Dumai,92.91982146207587,2,3,433.24542052781027
Kota Dumai,118.07683162984223,1,0,423.04441776598037
Kota Jambi,54.597669136866685,4,3,433.7163055225588
Kota Jambi,278.5747016401248,5,2,1126.6094643873566
Kota Dumai,79.43777072253528,3,1,412.1440981565024
Kota Dumai,194.1291188785634,1,1,641.1925071637805
Kota Jambi,118.5138051718015,4,2,591.6624275065514
Kota Padang,188.54450062894836,3,3,762.3674154513548
Kota Padang,212.85509708796604,2,0,732.6697055779033
Kota Jambi,257.4354509268004,2,2,939.2299180529337
Kota Padang,101.6053179401508,3,2,473.25851759290856
Kota Jambi,52.74895716462012,1,3,254.47251816540205
Kota Padang,84.22140751720181,2,1,347.5782452928904
Kota Padang,275.00466046202627,5,3,1105.5958062423267
Kota Dumai,268.4725193906288,3,2,991.6821198879805
Kota Dumai,199.35327554257708,3,2,775.7076429917155
Kota Padang,200.12921510841335,2,1,755.621423941084
Kota Padang,216.25916863656386,1,1,713.1205749861358
Kota Dumai,93.8428196558624,5,1,577.3163962361876
Kota Dumai,278.60298648123995,1,3,965.1690889425325
Kota Dumai,154.69263122301828,4,1,679.8988105645747
Kota Jambi,145.78463206237438,4,2,719.5566078288356
Kota Padang,179.7294263207094,2,2,684.5589586914243
Kota Dumai,61.74149169376376,2,0,315.48466040137106
Kota Padang,91.57084218901986,2,3,462.6444643986848
Kota Jambi,234.50840410659262,4,0,911.8181720218736
Kota Jambi,70.69966698128161,1,2,317.12161789996185
Kota Dumai,200.78802736659705,1,0,664.8455104021807
Kota Jambi,111.33727742033024,2,2,451.12660363315655
Kota Padang,147.32390351049412,5,0,693.1175176205427
Kota Dumai,122.17343419267496,1,1,458.0052472569181
Kota Padang,138.9181791162373,4,0,647.2782636959452
Kota Padang,229.76147629606137,3,1,844.8716354515451
Kota Jambi,124.28042890579376,3,1,553.4179127536418
Kota Jambi,191.6011600742243,3,3,787.8208844882237
Kota Jambi,169.0126005497749,5,1,774.6803203576928
Kota Jambi,215.91779134066203,2,1,774.8734266064866
Kota Jambi,284.2074348311895,4,0,1056.9822527068914
Kota Dumai,233.14302430256257,5,2,1000.2572242851394
Kota Padang,103.73509464768918,4,3,600.0396191620686
Kota Padang,57.79578376532117,4,1,409.0699031132575
Kota Padang,115.56601107495626,2,3,512.9098584023229
Kota Padang,198.7694826750637,3,0,783.6009491616527
Kota Jambi,62.856453371062585,2,1,330.7679520307945
Kota Padang,174.09156180030908,5,0,770.4267166288602
Kota Dumai,199.2107122292223,5,3,883.2897286406088
Kota Dumai,133.5609727042402,5,0,630.9263044943114
Kota Padang,242.72805093645547,2,3,906.8488017756791
Kota Padang,76.64956328344294,4,0,417.3424402652692
Kota Dumai,68.78444543395219,4,3,446.1922267596176
Kota Dumai,232.04718905090084,1,2,770.9798606189585
Kota Jambi,173.87282905154962,5,0,757.8708009128349
Kota Dumai,222.100599106934,4,0,883.314750676447
Kota Jambi,158.70683465093657,1,2,562.9856624371641
Kota Jambi,111.6005083097767,4,2,547.354032923342
Kota Jambi,254.77557941854994,5,0,1014.947636210897
Kota Jambi,249.8539697422448,3,2,944.0072318756993
Kota Jambi,223.67411771360668,5,1,931.4356159120031
Kota Padang,118.03628430749067,2,3,537.226554606326
Kota Dumai,197.5576667172718,4,3,844.2542224379697
Kota Jambi,140.24347423500672,4,3,702.8971764377632
Kota Dumai,72.89551833165854,2,1,350.6222105884751
Kota Dumai,279.32839386556066,2,2,996.5172917575701
Kota Jambi,84.20465772974035,3,2,420.64295637309317
Kota Padang,287.55933845520065,4,0,1064.6442192103639
Kota Jambi,161.50144323948894,4,2,723.4477696269714
Kota Padang,96.28323220965491,3,0,410.4095661308141
Kota Dumai,185.47523684458955,1,1,648.5269251298269
Kota Padang,268.23645896910205,3,3,998.3613589691591
Kota Padang,233.0562216023903,5,3,996.9773082304513
Kota Padang,251.64028696536244,4,3,994.6545441841329
Kota Dumai,214.69584167767934,2,2,798.1112515544454
Kota Dumai,223.0691411294631,5,0,888.6888290129374
Kota Padang,262.2989128913298,4,0,999.2542346832807
Kota Padang,112.41700221479648,3,1,528.1412863692586
Kota Jambi,172.35624091078512,5,2,817.8122912848705
Kota Padang,105.30236045490057,4,1,550.1596510416304
Kota Jambi,296.91700199916176,1,0,955.9419353890461
Kota Padang,286.01483492165335,1,0,889.0560182304448
Kota Jambi,59.856702842126474,2,3,368.26480811966627
Kota Dumai,226.3937931289221,4,2,909.9798543040964
Kota Padang,281.3120793539165,1,0,892.6084857099501
Kota Padang,95.14383628183339,3,3,488.778762478481
Kota Padang,191.98630763815737,4,2,825.7897653320183
Kota Padang,278.87207439701046,3,1,995.855478328283
Kota Jambi,58.486494646449714,3,2,366.7977984240965
Kota Padang,224.35506681170997,1,2,738.3583240922098
Kota Dumai,124.3372518431377,4,0,596.3050596994445
Kota Dumai,281.0990488441326,5,0,1106.711965451402
Kota Padang,292.7645612913419,1,2,962.4484886359903
Kota Dumai,286.06662227835847,1,0,898.8168862345592
Kota Padang,168.55355416436595,4,0,718.5532274194517
Kota Padang,265.51066274732835,4,0,982.3861206292659
Kota Dumai,261.1373496337676,3,3,995.9193552166062
Kota Padang,129.77511831081392,4,3,672.5533306810698
Kota Dumai,257.2288685376693,3,2,945.4614632302641
Kota Jambi,59.25190867887316,1,0,235.12774261902354
Kota Padang,199.06746962051326,2,3,763.5169142002496
Kota Jambi,107.50220932192576,5,2,610.5598915925236
Kota Dumai,80.1417214443197,1,0,280.34937265088035
Kota Jambi,69.23830040730229,4,1,452.0108423597946
Kota Jambi,224.07219396953494,5,0,910.2652091932655
Kota Dumai,134.96874094201655,2,0,468.66544480345726
Kota Jambi,231.19169288219035,2,3,866.3857504791916
Kota Jambi,66.33908519973559,3,2,364.9911886038501
Kota Dumai,128.82258445765257,5,2,690.3053762700595
Kota Jambi,184.8728230938343,3,3,791.3165342383718
Kota Dumai,247.68079120974087,1,0,805.6373711971961
Kota Jambi,129.68812573301747,5,1,680.4926032368022
Kota Dumai,206.47284410925226,1,0,709.8195144663497
Kota Dumai,271.4944370590468,3,0,983.8185204293194
Kota Jambi,203.96579704557615,5,1,888.5088589892371
Kota Jambi,108.23986868840845,3,3,567.3985697356983
Kota Jambi,56.100195389134505,5,2,493.39609706433515
Kota Padang,267.5247184752325,3,3,1047.9495910908859
Kota Padang,55.31735271259679,2,3,316.1091878338703
Kota Padang,268.67541817104984,3,0,928.9458873431814
Kota Dumai,182.234283506803,2,2,675.6390068517113
Kota Jambi,284.76692462822405,3,2,1058.3736062005357
Kota Dumai,249.69580894341635,5,3,1062.2706057368912
Kota Padang,299.48352763333435,5,1,1164.3209631964662
Kota Jambi,137.67795386292755,5,3,734.2434895648813
Kota Dumai,241.79707223278172,4,1,915.9751150648798
Kota Jambi,150.48272840231056,1,2,544.2715711807624
Kota Dumai,169.9689050759772,5,3,842.2758681248891
Kota Jambi,206.87636580459252,2,0,731.6154103049421
Kota Padang,268.4192785465847,5,3,1129.0940320764284
Kota Padang,296.02086729982375,4,2,1160.0100576985215
Kota Jambi,242.06835346612954,2,0,824.8821947009152
Kota Dumai,154.44169554183344,4,0,650.2632533984936
Kota Padang,155.33925056926756,2,1,609.8080525611036
Kota Padang,234.39557539722287,3,0,876.6091388123472
Kota Padang,109.6942864420756,1,0,390.2486928213427
Kota Jambi,77.61852828284867,1,3,339.648164836897
Kota Jambi,138.65553941019414,4,2,655.9942112507421
Kota Dumai,121.80974791352044,1,1,409.8937846979396
Kota Dumai,124.07703011399752,4,3,654.4900209461366
Kota Dumai,108.40193776247749,4,0,546.7588394780153
Kota Jambi,60.523297409090475,4,0,355.3362372179358
Kota Jambi,54.468483683353455,1,1,250.7580927281831
Kota Dumai,296.9305974340079,4,2,1138.8738254022037
Kota Dumai,156.94328343396558,1,1,520.3903680940808
Kota Jambi,146.08166178992042,4,3,674.1249813483118
Kota Dumai,219.91182067326747,5,1,937.2053274078369
Kota Padang,104.56347196626604,4,0,505.7363336206598
Kota Jambi,287.49029598755635,2,3,1058.8698649736625
Kota Dumai,246.58625360388803,4,0,958.8107287046422
Kota Jambi,72.35275057806487,3,2,416.5321144688392
Kota Padang,154.3951939462321,4,0,673.6471619187441
Kota Jambi,269.7795768905412,2,0,935.956074278967
Kota Jambi,286.1830055728526,2,1,995.4793785531045
Kota Jambi,166.85037781246743,1,0,560.5464622073227
Kota Jambi,203.35284730267693,5,3,900.4533183820805
Kota Padang,91.7584865230188,4,3,596.5143988771808
Kota Jambi,297.7921565342441,1,2,961.3128144565676
Kota Jambi,107.91792534586085,5,3,627.5029212955793
Kota Dumai,285.68294353378144,4,1,1043.9542650731446
Kota Jambi,212.4116622480921,3,2,838.0109499196615
Kota Dumai,201.93419871971477,4,3,868.8248049048404
Kota Padang,178.17212775412716,2,1,669.8219120296767
Kota Padang,107.66745292943966,2,3,448.2210461662303
Kota Padang,94.13200800137707,3,3,514.6541373517498
Kota Padang,105.12155226754385,1,0,349.21594877323923
Kota Dumai,96.60956553606363,5,3,596.8485926209136
Kota Jambi,244.89611839168833,4,3,1013.3197805486863
Kota Padang,137.53131479168252,2,1,537.8192780576856
Kota Jambi,64.46066914084909,1,1,270.02085855588456
Kota Dumai,292.27565753520287,3,0,1042.8105490037167
Kota Dumai,270.94647124085645,2,3,981.4152265213438
Kota Dumai,281.9380707988032,3,0,988.9920543454352
Kota Padang,298.7269556616088,4,3,1152.851484420122
Kota Jambi,93.47381230487181,5,2,574.6590104876519
Kota Jambi,149.06050472566469,2,2,569.2703923060674
Kota Jambi,239.55961892602284,2,0,838.5990299658419
Kota Dumai,224.00515451344805,4,0,877.7885421564938
Kota Padang,88.47397658496376,1,0,316.9174551133306
Kota Dumai,253.95828124765444,5,1,1055.7247749235928
Kota Dumai,106.11014295916516,2,1,435.9281560132681
Kota Jambi,105.95440370565578,5,1,584.214791173919
Kota Dumai,184.2436057233534,2,0,643.0382418899809
Kota Jambi,198.23498371042578,5,3,911.566291309796
Kota Padang,195.0215519594528,3,2,781.2336580449887
Kota Jambi,72.87170934943872,2,0,305.289444038118
Kota Padang,269.36521565759506,5,1,1074.5417674305172
Kota Jambi,116.40001064717652,1,1,406.0079865711449
Kota Dumai,82.37873032070104,3,0,383.0388218857933
Kota Dumai,272.1870199672443,3,0,931.963103267196
Kota Padang,288.91287455743833,1,1,932.120418598684
Kota Padang,265.53190431636267,5,3,1072.5514476274877
Kota Padang,252.37901868121952,4,1,967.8807423168682
Kota Jambi,213.81049515975542,1,1,699.177592561714
Kota Jambi,187.7143426522848,5,0,834.1809291021665
Kota Padang,71.74668997785253,1,3,304.94137380736476
Kota Dumai,152.11330326767467,1,1,511.1161821067345
Kota Jambi,143.17212925307848,2,1,541.885904975404
Kota Jambi,114.93844594008155,5,2,623.2124647901891
Kota Jambi,230.85502842214623,4,0,919.9501812148762
Kota Padang,173.96893376969268,2,2,639.1354538480856
Kota Padang,70.26155397691198,1,2,293.19657195101917
Kota Padang,105.04580048745284,1,1,391.77870644564666
Kota Padang,220.814690914899,1,0,730.0677396055371
Kota Padang,69.03271487257504,5,3,509.49331349912103
Kota Dumai,262.8017285121922,5,1,1020.0431935265007
Kota Dumai,173.78663175349357,2,3,678.3578108287707
Kota Padang,170.146644331662,4,3,797.4805025186004
Kota Jambi,198.1019461648794,2,0,699.9495866432468
Kota Padang,256.1702414812873,3,2,963.2390816910605
Kota Dumai,136.95230197554827,1,0,439.5965460951049
Kota Dumai,219.5040381397659,1,3,745.1986826135243
Kota Jambi,191.43299099894776,1,1,644.6598059695253
Kota Dumai,116.75706754235533,2,3,481.74362418143784
Kota Padang,269.6574965887895,2,1,944.5997342136187
Kota Jambi,249.35650540173202,1,1,801.1365912278688
Kota Padang,214.61295866460637,2,0,743.3457303791893
Kota Padang,262.64543227356046,5,3,1060.2209584455966
Kota Jambi,266.8235502399506,5,2,1082.5946133509815
Kota Padang,227.09074417875868,2,3,817.555021593672
Kota Dumai,259.253332090918,1,3,841.3208679259177
Kota Padang,224.3678654173209,2,2,823.9404380386891
Kota Jambi,220.0351929400751,2,0,792.9287696020567
Kota Jambi,204.6528445537961,2,3,796.5480054482672
Kota Jambi,238.1791598894103,3,3,938.1712934663069
Kota Padang,89.65127632326843,5,1,530.6714056108943
Kota Jambi,270.2176897997321,4,3,1086.7708739701527
Kota Jambi,267.960881936308,4,2,1068.3597097803986
Kota Padang,57.31182075863978,3,1,344.6718988693452
Kota Dumai,256.45418764119063,2,0,845.6753594773314
Kota Padang,82.2174668683613,3,1,406.6647146332565
Kota Jambi,133.77971356478548,3,2,625.3930704613152
Kota Jambi,235.87706407290193,1,2,796.1363088557025
Kota Padang,90.18997401207704,5,1,474.0748076380092
Kota Dumai,254.49175602976555,4,0,934.0967988158927
Kota Jambi,258.0335444894355,2,1,885.6116594054569
Kota Jambi,176.86693344020904,4,0,751.3173050889784
Kota Jambi,51.596467929208394,4,1,369.32695673948695
Kota Padang,121.7595332937282,5,2,676.3672329806499
Kota Jambi,204.23172959393554,4,3,862.1719417108568
Kota Dumai,295.29654450685587,4,3,1106.6037830758555
Kota Jambi,207.95338175416708,3,0,764.0289220905395
Kota Jambi,114.95089526603995,5,0,601.7515858290456
Kota Dumai,208.50142577490283,1,0,680.7432843115347
Kota Jambi,184.99634492896388,2,2,669.8868798017588
Kota Padang,244.9613487877859,4,1,947.8601223272824
Kota Padang,76.7451597067396,2,2,423.92896388150024
Kota Padang,240.256975625507,1,3,806.1055503505835
Kota Dumai,185.31664466902757,2,0,669.1644018963576
Kota Jambi,290.74800096474866,1,1,900.3104889228501
Kota Padang,135.46804150967154,3,3,633.6799610204077
Kota Dumai,208.15547328348703,4,3,866.6199120466921
Kota Jambi,283.00702637750436,1,3,967.0628442965718
Kota Dumai,75.62743199766982,2,2,341.0517839576454
Kota Padang,284.3071218091128,4,0,1058.7384214308727
Kota Padang,221.97143057520333,3,3,857.7412858107812
Kota Padang,66.95926477629297,4,0,386.5768306695464
Kota Dumai,125.24089173670406,1,2,474.5623953380128
Kota Dumai,227.0430221613204,3,3,882.5213569560209
Kota Padang,66.83765036719292,2,2,348.120580065905
Kota Dumai,195.54261504406833,3,2,772.811018759338
Kota Padang,136.47076423823918,3,0,560.762166339663
Kota Padang,205.22887944186928,5,3,934.5883677526759
Kota Jambi,61.435508453128215,3,2,367.30615626756185
Kota Dumai,267.8842015380941,3,3,993.7316088942467
Kota Padang,293.37224229434923,4,0,1069.4704815644518
Kota Padang,292.2194638214229,2,2,1040.5611750609373
Kota Dumai,237.41295793573119,4,0,914.5623354887246
Kota Jambi,82.52156003265799,4,3,490.6667110297645
Kota Jambi,239.56579898225564,1,3,836.7286091145213
Kota Padang,56.14672911470038,4,0,377.80649904288384
Kota Dumai,55.53088788224932,5,1,446.99264516270415
Kota Jambi,130.90255478738533,5,2,663.1509203547304
Kota Dumai,172.16079760116645,1,3,612.8345729177814
Kota Dumai,242.6018544519483,2,3,874.2689790281047
Kota Padang,220.8238441516263,2,2,795.2585742135551
Kota Jambi,161.47567659418706,4,0,695.2054134854359
Kota Padang,118.40666657041646,4,0,561.1436958058696
Kota Jambi,299.2811250394278,4,0,1105.3477142614265
Kota Jambi,156.54532555899323,2,1,616.7163595244101
Kota Jambi,162.84675608241886,3,1,672.3180868970892
Kota Jambi,90.9059552979173,5,3,579.8818333938301
Kota Jambi,248.70238718748234,3,0,872.429458041397
Kota Dumai,223.42055644537217,3,2,845.9707291666991
Kota Padang,105.19240319719009,2,3,470.34310823800575
Kota Dumai,70.59526140396068,3,2,418.36838075860436
Kota Jambi,220.12482551867828,1,3,769.8278378739129
Kota Padang,213.62780357028382,4,1,847.7594916130826
Kota Jambi,118.31488174955233,1,3,450.2867875341125
Kota Padang,287.71589056260257,5,1,1131.7561075093834
Kota Dumai,87.76447294522507,4,3,541.0931700800172
Kota Padang,158.08370026065046,3,0,656.0714868974537
Kota Padang,285.90398004189973,5,2,1143.5965681651057
Kota Padang,154.93182923153057,4,0,663.9006240793397
Kota Padang,209.63148691602137,3,3,814.6156266249164
Kota Padang,149.3985994906986,1,3,596.979649854085
Kota Jambi,118.5538005871675,4,3,587.6413449983808
Kota Padang,295.99441198995703,3,1,1081.4164822054822
Kota Padang,152.33350157876077,1,2,539.6937856760329
Kota Dumai,273.5248009197836,5,2,1098.5870728825446
Kota Padang,107.48865147277155,5,3,610.2658829805961
Kota Dumai,103.27617600627082,5,3,668.0295010069551
Kota Jambi,57.78352072112784,5,1,447.7803946289514
Kota Padang,212.91670634397127,2,0,739.175727773995
Kota Dumai,142.13158593094028,4,0,644.1294049839117
Kota Dumai,266.0895624599093,4,2,1025.2520328671287
Kota Jambi,168.30247667288927,2,1,624.9443491232879
Kota Padang,292.04835697868043,3,3,1087.2717966722837
Kota Padang,96.3813789257803,3,2,468.90122213037824
Kota Dumai,267.1557919889027,5,1,1095.4601375504262
Kota Padang,244.14921319793544,1,0,778.0745513638883
Kota Dumai,242.730461161013,3,1,867.1287424156625
Kota Padang,261.1958070292219,1,0,827.5574738172483
Kota Dumai,240.25599773574973,4,1,945.7515666415271
Kota Padang,206.55508040785384,1,2,691.7953765458093
Kota Jambi,82.8112194205969,4,0,432.1417623983819
Kota Padang,58.13154487281298,2,2,303.4694538559181
Kota Padang,280.2119619539217,2,2,1005.0605990631042
Kota Jambi,204.1625786301845,5,0,852.7445754376394
Kota Padang,249.13432274404408,3,0,925.9853086031528
Kota Jambi,170.38058787813753,5,3,808.8427548714459
Kota Padang,79.32704724059862,4,3,504.48142444692667
Kota Dumai,81.29644805063761,5,3,544.9644906675178
Kota Dumai,221.39132180724283,1,2,769.255628827538
Kota Padang,157.57647372486568,4,2,690.3639380832915
Kota Padang,100.13118167508418,2,3,475.25073461679716
Kota Padang,172.89863668535924,3,2,710.9732980622714
Kota Dumai,66.05223426878352,4,2,425.35686647080155
Kota Padang,195.4928504785997,4,0,783.1541217415961
Kota Dumai,117.24835110877441,1,0,432.42215214696677
Kota Jambi,249.38977515929705,3,2,940.9262155755068
Kota Dumai,127.59048973089344,2,3,528.7169088744275
Kota Dumai,163.8050372704503,4,1,687.3212461547887
Kota Jambi,52.905134977025156,4,3,428.8234903996954
Kota Dumai,68.11172194863971,1,1,278.2520707861329
Kota Padang,148.1233891016712,5,3,768.2705812067782
Kota Padang,169.98470867928086,2,0,580.7096312440457
Kota Dumai,200.00513702982593,3,2,766.5702020316478
Kota Padang,122.91564467732582,4,2,631.6845180170154
Kota Dumai,223.74547153163564,4,0,877.8632475304937
Kota Padang,265.03059929730114,2,1,925.7598149166547
Kota Padang,244.96274722333746,5,1,985.6345010278533
Kota Dumai,59.90470633708929,4,1,380.09437504468946
Kota Padang,170.12673681445722,2,0,630.2053836072134
Kota Dumai,76.23254460454372,1,1,319.46518690893413
Kota Padang,110.51125396563187,5,0,559.7673721563145
Kota Padang,296.6656483167866,3,3,1074.4095350333027
Kota Jambi,85.6238857253783,4,3,514.6997977618861
Kota Jambi,174.72203836283902,2,0,608.1791460209969
Kota Dumai,204.53893357952978,1,2,687.2132631576687
Kota Jambi,225.616242636026,3,3,861.8211629795302
Kota Dumai,189.91217087172853,2,1,680.3678356495782
Kota Jambi,52.44271185479592,2,0,234.23424071173045
Kota Padang,131.61532706099797,3,1,542.9379631228092
Kota Dumai,179.42791084617787,1,1,614.2515694698598
Kota Dumai,71.96662478620834,1,2,304.7959096728775
Kota Padang,137.6567328022952,5,1,692.6677720375283
Kota Dumai,58.30077719784164,4,2,381.9216628865388
Kota Dumai,69.64462428875518,3,3,419.13148506286086
Kota Jambi,149.23081905039902,3,0,639.2052079945138
Kota Dumai,83.17893851076508,3,1,412.09136584658324
Kota Padang,191.88521206538954,1,0,642.1506163276146
Kota Jambi,222.36624228431643,4,1,903.4188638284378
Kota Jambi,250.1466747772707,5,0,1017.7439964918376
Kota Padang,100.03756106120252,2,1,423.44591692475404
Kota Padang,91.87064556476744,2,1,406.93365634918666
Kota Jambi,76.14196008360007,3,1,412.4061526510603
Kota Dumai,209.10756238590918,4,1,860.0316077240146
Kota Jambi,226.6189316217253,1,1,727.5084313949079
Kota Padang,57.89653620641051,4,1,359.5419189683518
Kota Jambi,284.05306156092246,4,1,1041.087513814471
Kota Padang,62.992820912868105,1,1,253.57526289095105
Kota Jambi,185.32408382526762,3,1,737.8507861642557
Kota Dumai,227.2651298627291,4,0,859.7071640379557
Kota Jambi,267.7422809365214,2,2,961.7062519812523
Kota Jambi,228.52173303310695,1,1,745.5196956091631
Kota Padang,250.43202076744797,5,2,1031.4409580784622
Kota Padang,134.8625481357015,3,1,557.8655044895125
Kota Padang,253.70627843662805,1,1,793.4231081295587
Kota Jambi,70.02871159616879,5,0,464.67241735719927
Kota Dumai,273.70416401513194,5,3,1165.3658463021673
Kota Padang,186.89809403843407,4,3,819.440991644651
Kota Padang,254.32444249062343,4,0,925.9606946379732
Kota Jambi,163.07957112957502,4,2,744.845569621054
Kota Padang,210.89442379913123,1,3,710.1873115953339
Kota Dumai,181.6006652340283,1,0,570.6213077623012
Kota Dumai,232.89738043883295,3,0,843.9253778702275
Kota Padang,70.4074955076474,4,3,473.67935529374614
Kota Padang,65.08802099764095,5,2,465.09078296958626
Kota Jambi,111.77580850253662,2,0,429.7811043762903
Kota Dumai,89.88617002829709,3,1,453.96175810010493
Kota Dumai,267.9458916480504,1,2,910.8812526403116
Kota Padang,104.80349683951107,3,2,529.4396189548185
Kota Jambi,293.96631395478283,3,3,1130.0873149102183
Kota Dumai,134.2239479427767,3,3,628.8696302615524
Kota Dumai,95.52947892217482,3,1,452.25370647843965
Kota Jambi,247.42462678561978,2,0,859.4601561793188
Kota Jambi,214.67694387521902,4,3,913.3651563057608
Kota Dumai,174.54892911328474,5,3,843.7741268903793
Kota Dumai,188.8408877344078,3,2,760.0670389046571
Kota Jambi,229.80044456806596,3,3,881.1602516611198
Kota Dumai,107.11368533282467,3,3,510.77912784203545
Kota Padang,299.0834790141855,4,3,1155.3080730210536
Kota Padang,293.6982905366958,1,3,994.0730731270149
Kota Jambi,212.58142158673422,1,2,714.1554463015684
Kota Jambi,99.88561273228629,2,1,428.1236771690304
Kota Jambi,220.05706060782282,1,1,771.7864999042523
Kota Padang,68.04960224479396,3,0,319.2621923488167
Kota Dumai,57.663125551451515,3,3,394.6342662056298
Kota Padang,114.42072212780342,3,2,531.942673965594
Kota Dumai,165.6557391848291,2,0,605.9803286611804
Kota Padang,267.06812635209513,3,0,942.5900850470796
Kota Dumai,231.792267441577,1,1,762.4556046237876
Kota Padang,235.67663029999525,4,2,949.6198999201478
Kota Jambi,156.37333361201883,4,2,703.0873231653513
Kota Padang,136.48374813674073,5,2,669.0404180628242
Kota Dumai,142.75969074615068,1,1,493.60077162556297
Kota Padang,296.91239093401447,3,1,1032.4085002381196
Kota Padang,60.02729785312062,4,1,413.1457557709681
Kota Padang,266.75787403061213,1,1,832.9627200702739
Kota Jambi,194.66885214309835,4,1,824.5796440184129
Kota Padang,159.65385479739763,3,3,697.5528243962625
Kota Jambi,231.3144151037841,4,3,962.6110176260303
Kota Jambi,171.6672353561757,5,2,761.7155087115702
Kota Padang,268.35580952041516,5,0,1048.4954397994143
Kota Padang,275.17546600281463,4,2,1088.597666581641
Kota Padang,155.43023171836387,1,0,505.9185355744857
Kota Dumai,119.20694930876289,1,1,406.0596049270144
Kota Padang,198.08758214834054,1,0,631.5293445449074
Kota Jambi,278.0908364041727,4,2,1072.9069567597314
Kota Padang,102.66554725141665,1,2,380.9692327479937
Kota Dumai,205.7416458908707,3,0,791.901282314398
Kota Padang,207.89005502313015,5,3,932.3768144695827
Kota Dumai,233.27825560382024,3,1,858.7233798525021
Kota Dumai,82.89192128181494,1,1,292.64889330873325
Kota Padang,228.95624117052213,3,2,886.5576556171451
Kota Jambi,277.25813016641024,1,3,951.007716393458
Kota Dumai,94.9207772175605,4,0,468.91815352898766
Kota Padang,109.38583123096942,3,1,453.43091312662534
Kota Padang,292.8487735104099,4,3,1146.7615643227473
Kota Jambi,95.24423817737244,4,1,501.99664670689725
Kota Dumai,263.5962733423948,2,3,957.5102433856977
Kota Dumai,173.0694641120087,1,3,668.3518830088187
Kota Padang,111.80776860079426,5,2,624.8866689282016
Kota Padang,267.68747531812784,1,1,862.7856536175282
Kota Jambi,161.32631375066637,5,0,711.0325018990324
Kota Jambi,178.70433848242254,1,2,619.8645796173666
Kota Dumai,139.80834234994143,4,2,662.6365740421371
Kota Dumai,198.23771285873187,3,0,745.7792869881708
Kota Padang,90.8809681462557,3,2,497.11221124010916
Kota Dumai,147.77038416294016,2,3,613.2928637981393
Kota Jambi,292.3530805838219,5,3,1184.3632243213217
Kota Jambi,114.53335817528189,5,1,599.4688629491762
Kota Padang,214.18416613532304,5,1,917.8859536816356
Kota Jambi,131.29751605617372,4,0,575.752385000868
Kota Jambi,243.36828142165015,5,1,1003.7014658557085
Kota Jambi,82.71841517958745,3,3,467.90352407685924
Kota Jambi,292.45526126963614,4,0,1073.0367393534796
Kota Padang,163.44738534590982,1,0,527.7364271564265
Kota Padang,109.01261583661599,5,1,553.3319105631499
Kota Dumai,68.37418683250317,5,3,537.9992950259174
Kota Jambi,92.43947627188518,1,0,335.3844366205612
Kota Dumai,179.94348713900442,5,3,858.3828070487089
Kota Padang,134.25079410782158,1,3,481.52533560791875
Kota Padang,257.2208414706524,4,3,1059.2592984067583
Kota Padang,157.7218809154515,3,1,633.8613054139929
Kota Padang,112.17856814690748,1,2,420.7597983867327
Kota Padang,204.2862466510075,2,2,731.473002844646
Kota Padang,226.69430422136145,1,0,694.3439980372874
Kota Padang,91.76047697523747,5,3,608.4283571601837
Kota Jambi,91.90480407207941,4,1,521.4463596041908
Kota Dumai,59.16785673338575,4,3,434.1930071730907
Kota Padang,234.10050376641013,1,3,798.7138199031034
Kota Jambi,215.95113190545126,3,1,810.3125123336687
Kota Jambi,168.65771893745347,2,2,638.9808570116495
Kota Dumai,261.04261224229924,4,3,1019.1306422833059
Kota Padang,251.4175382375133,5,3,1058.407510403663
Kota Dumai,196.33859109918805,5,2,882.0778131562506
Kota Padang,267.0678201283147,3,1,991.5666053379191
Kota Jambi,101.46030250919206,4,0,504.66579080785044
Kota Jambi,77.97990484943196,1,2,292.4126803703072
Kota Jambi,117.4374028792474,5,0,609.3831659017158
Kota Jambi,64.27171402232871,3,0,337.69653083359105
Kota Dumai,182.79238200025802,4,2,815.7853398804514
Kota Padang,284.1514230737404,4,3,1141.0434252621014
Kota Padang,59.835885167127415,4,0,408.79674174672823
Kota Dumai,80.5274785025067,4,0,430.3506768000545
Kota Padang,163.04975707085882,4,1,748.9463726793276
Kota Jambi,283.4687543819762,5,3,1167.4251132438428
Kota Padang,129.03902624418762,3,0,569.6446868459356
Kota Jambi,176.8087021720981,4,1,740.3737142396592
Kota Dumai,60.39321476259802,2,3,335.20770953560157
Kota Padang,87.08580024052222,2,2,406.73794777500837
Kota Dumai,296.6575307397117,3,2,1083.0101444114139
Kota Padang,291.27967410901135,1,1,968.9352611964174
Kota Jambi,51.234995233602405,1,2,239.06239932983812
Kota Dumai,287.95294635580973,1,0,937.1511388736363
Kota Padang,209.7799844538751,2,3,803.9846435042783
Kota Jambi,266.9795736300055,1,0,846.6708765178737
Kota Dumai,163.6849639084648,5,0,754.1484240750406
Kota Dumai,178.89900714481257,4,2,767.2317204977768
Kota Padang,172.21164506423003,2,0,663.6390511928046
Kota Padang,216.71606438652609,3,2,786.8615467380893
Kota Padang,84.91281368907823,3,3,478.1973051571355
Kota Jambi,57.49339746816949,4,3,397.1882742189675
Kota Padang,126.98248539779773,2,0,476.4343221290318
Kota Dumai,226.17019068416167,1,1,746.7984102630601
Kota Dumai,100.4633630307371,1,2,421.54276027048496
Kota Padang,218.35810833122932,5,2,931.2312807521502
Kota Padang,292.4780115268176,5,0,1153.5942728936884
Kota Dumai,73.47517894735459,1,2,286.8492040375678
Kota Jambi,218.15052955628158,3,2,871.3849831439421
Kota Padang,160.9375548261428,3,1,643.3257556403589
Kota Padang,267.0355635943763,5,1,1072.5753811679513
Kota Dumai,94.28744736184647,4,0,476.13476882333134
Kota Padang,223.15648805654112,1,1,765.1167336519354
Kota Jambi,259.5288224120276,5,0,1050.3412641007576
Kota Dumai,286.1535548685058,5,3,1177.330699017208
Kota Padang,220.81200707241146,1,0,689.398653525499
Kota Dumai,174.2936910021068,1,3,618.5806356457156
Kota Padang,204.46181005030346,3,0,742.8138996407878
Kota Padang,267.22624611967956,4,2,996.7158806231953
Kota Padang,192.65243665970743,4,1,823.1836720161233
Kota Jambi,57.59676492420922,1,3,276.2338242457737
Kota Jambi,282.73717387674446,2,0,941.4416423443874
Kota Dumai,222.3816877578903,5,1,967.067107942182
Kota Padang,219.12834644431163,5,0,897.8652672852076
Kota Padang,103.91878809942929,1,1,364.9469455845692
Kota Jambi,214.7213675581643,2,1,759.6691902641933
Kota Padang,148.4661014135396,3,0,572.7449232030809
Kota Jambi,212.80824426037302,1,3,755.3118481668781
Kota Padang,76.64825757699768,1,3,332.4715311657096
Kota Dumai,214.46132615075902,5,2,923.2385502404007
Kota Padang,299.85343144266665,1,1,957.6822308875938
Kota Padang,62.053009715139005,1,2,274.03459926857676
Kota Jambi,294.29354605532933,1,2,974.550260676385
Kota Padang,151.72699018071765,5,0,694.7814687740025
Kota Padang,267.68836258431475,3,0,945.8897690310413
Kota Jambi,245.59637101456838,3,0,885.1586565073181
Kota Dumai,191.75406524666695,1,1,641.61383302921
Kota Dumai,234.61230231283162,5,0,954.4584262759952
Kota Jambi,269.628890325337,3,0,945.3532549110507
Kota Jambi,151.03508041275825,3,1,643.1970994208045
Kota Jambi,131.7582903908097,3,1,567.2114347206194
Kota Jambi,216.89834639089617,5,3,950.6181041161909
Kota Jambi,251.96148548531465,5,0,1012.7721408035147
Kota Dumai,240.57128369415395,1,0,770.2264791060875
Kota Dumai,249.4534122146586,4,0,913.6837095543025
Kota Jambi,158.89582870323324,3,3,693.5065399141322
Kota Padang,254.4585540437554,4,0,942.9855380835825
Kota Jambi,80.05226384265211,5,3,568.8453471925825
Kota Padang,186.1222744902124,5,2,843.5318306927683
Kota Jambi,51.43966512453039,5,3,479.92040132141244
Kota Jambi,131.14645747506756,4,2,620.8350013612505
Kota Dumai,141.61538371784945,5,0,676.2447364963612
Kota Padang,149.04317290231384,1,2,561.334388717079
Kota Padang,223.86680167246556,5,3,976.2200740891003
Kota Dumai,147.13952531758645,2,1,549.6022339780432
Kota Dumai,162.17340565563268,4,2,739.6210292425338
Kota Dumai,109.38603271858187,2,2,480.87133009076484
Kota Dumai,143.312947907335,5,0,668.9638610537087
Kota Padang,106.81740681578788,1,3,390.7430000390084
Kota Padang,68.29898094211092,3,2,382.69648327636565
Kota Jambi,200.86214834534448,5,2,906.1336354697619
Kota Jambi,217.05319963875405,1,2,725.6589151277877
Kota Dumai,204.87258650240364,4,2,854.399002766887
Kota Dumai,165.8735109501431,2,1,604.4708340911025
Kota Dumai,144.94644504480743,2,3,556.1959918839013
Kota Jambi,265.83341239295635,2,0,883.9906136380705
Kota Jambi,179.77044628405451,4,0,752.7739792659578
Kota Jambi,169.79546940743273,1,1,531.981358620982
Kota Jambi,56.41051645160892,4,3,434.2748963643383
Kota Jambi,135.31195690653908,2,2,522.2144860916289
Kota Jambi,145.04890469646426,5,1,717.3155554788767
Kota Jambi,149.7056952242251,3,3,673.4034643901484
Kota Dumai,195.04309230683307,4,2,821.6903182222737
Kota Dumai,183.40063668171962,4,1,766.8085468695344
Kota Dumai,201.97627319836116,1,3,699.8015656523575
Kota Dumai,241.22081538553206,1,0,746.7507781544969
Kota Jambi,253.24643467902337,4,0,993.7011621637447
Kota Padang,229.5307690566236,2,3,831.2908786264483
Kota Jambi,288.8809239887337,3,0,1047.9986945901305
Kota Padang,54.55814566909041,1,3,256.4844362112677
Kota Dumai,98.94449642088652,2,2,447.33729706941415
Kota Jambi,51.89071874453553,5,3,442.91601304053387
Kota Dumai,211.86867853865076,1,2,736.0739359539925
Kota Jambi,274.50763723749674,2,1,937.0111645694278
Kota Dumai,110.87057414407482,2,3,486.3613992187111
Kota Padang,281.75863619907665,3,1,1027.476371992919
Kota Padang,65.06684757239022,3,0,335.8177154155887
Kota Padang,283.6090067013786,5,2,1112.2640501952337
Kota Jambi,137.9056718099086,2,3,588.9431266979147
Kota Padang,75.35520711230413,2,1,323.1476095372658
Kota Jambi,171.4679397965814,3,2,714.7341650777024
Kota Padang,114.19414193012699,1,2,452.042356697041
Kota Padang,121.2182254904807,1,0,406.1447987443978
Kota Jambi,126.82249123157165,4,0,604.1145305765506
Kota Jambi,250.75647445816585,3,2,951.9050975317233
Kota Padang,184.79031916881362,4,2,780.4537291035454
Kota Jambi,127.82692478900091,3,3,621.5093544123242
Kota Padang,202.5834458277296,5,2,874.916901048401
Kota Jambi,229.0376685557984,2,3,839.5789970693239
Kota Dumai,118.15600018338344,5,2,640.3417044777638
Kota Dumai,153.38727538133787,3,0,622.2663001643788
Kota Dumai,80.47152333423689,2,3,423.72323595033333
Kota Dumai,95.28733738367008,1,1,376.9178432890645
Kota Dumai,220.2794634912457,1,0,715.3133568652232
Kota Padang,95.35958692390673,4,3,540.4733786824489
Kota Dumai,181.29084591676505,3,3,717.3528529177426
Kota Dumai,227.26156543060816,3,1,825.5017792027202
Kota Dumai,76.71923077368595,1,3,375.4908021068866
Kota Dumai,191.8280549072259,5,2,828.7627249716269
Kota Jambi,114.14069592534094,2,1,446.73227491118064
Kota Padang,290.7317188093949,5,0,1145.0872820691866
Kota Dumai,170.88641167998117,5,0,766.8535010238909
Kota Dumai,251.49813744378952,1,2,863.0553137514823
Kota Dumai,187.55663553906544,1,0,623.5264736426099
Kota Padang,60.853133213704794,1,3,321.95105038833213
Kota Jambi,208.2878438985056,4,3,890.7720774268146
Kota Padang,287.85083555166426,5,2,1166.8214612380232
Kota Jambi,200.4029550365828,3,0,736.7239344685815
Kota Dumai,254.79721485669756,2,0,876.1183040816554
Kota Dumai,271.05161583710196,4,2,1045.2323255515214
Kota Padang,107.01994298723312,3,1,481.99771160208513
Kota Padang,103.01120997705667,5,0,576.9281002241128
Kota Jambi,202.74524721274793,1,1,696.2682091594311
Kota Jambi,152.75711745167618,5,0,742.0401954699512
Kota Padang,259.9653257166801,2,0,912.3612408597644
Kota Jambi,275.0057808495028,4,0,1043.3636457756838
Kota Padang,138.35534482567954,4,0,580.6571222723043
Kota Jambi,109.21763974362051,2,3,524.2065388898554
Kota Padang,245.13137881096546,3,1,923.7534898462236
Kota Padang,118.70150888703402,3,1,510.78732485937593
Kota Padang,255.6535796284196,4,0,981.5389219965144
Kota Jambi,155.9345634121907,4,0,647.0583754173175
Kota Jambi,216.8874748228676,1,1,733.0350268707977
Kota Jambi,73.88382845866704,3,3,405.3260845545191
Kota Padang,205.96483116914325,2,2,741.730125331697
Kota Jambi,162.94191968430727,3,2,693.0243416369323
Kota Jambi,196.65211579386852,1,1,681.4140822414635
Kota Padang,92.00355193621586,4,0,482.5193929973238
Kota Dumai,234.21843623604553,4,0,896.9319359743771
Kota Padang,265.69926938580716,1,3,864.8004822570816
Kota Jambi,104.18495002269391,2,2,448.37442807505454
Kota Padang,73.92863888004044,4,3,492.45561817661184
Kota Dumai,55.9096465115841,5,2,451.3936374160393
Kota Padang,210.4928751108165,4,1,851.0270665105611
Kota Jambi,201.77350902219519,5,2,891.6081777082271
Kota Dumai,186.6743531785175,1,3,663.5889351791237
Kota Jambi,107.98677402899386,1,3,435.47786988617787
Kota Dumai,147.72649897637865,4,3,697.7256052860866
Kota Dumai,198.61908379654326,3,1,794.7230424622687
Kota Padang,174.19171471479234,5,2,768.4467671767023
Kota Padang,296.94638005372184,2,2,1019.922288441744
Kota Jambi,84.10993813918328,4,3,494.92468994720537
Kota Padang,223.78613851189846,2,2,815.7406275363836
Kota Padang,151.07969202607302,4,0,654.7819717958816
Kota Dumai,157.04990373140367,3,0,653.5935732251996
Kota Padang,229.39944141454407,3,0,877.2211652095881
Kota Dumai,223.10903783109242,3,2,843.8654443818676
Kota Dumai,297.8139984255471,3,1,1063.4519965773138
Kota Dumai,82.0985723635313,1,1,320.22180542908103
Kota Jambi,76.02741234604159,1,1,282.125962071378
Kota Jambi,231.0847042821853,5,1,975.8217535673084
Kota Jambi,194.59672925160228,2,0,679.0000403795079
Kota Dumai,118.54016663995147,4,0,534.2678029078348
Kota Jambi,69.85484224724665,4,3,463.97316065640905
Kota Jambi,71.41456239910764,1,2,284.2901957425099
Kota Padang,273.5477186660296,4,2,1081.376092586474
Kota Jambi,97.96683117968573,1,1,401.93167864133056
Kota Jambi,130.8428905288802,5,0,647.4250590645314
Kota Dumai,106.664100556747,2,1,442.2178370313065
Kota Dumai,138.74907645798433,5,3,729.2959247114368
Kota Dumai,67.35596068652335,3,2,415.71256263833635
Kota Dumai,179.76494772706758,3,2,752.5088232531464
Kota Dumai,66.90314089805372,3,1,368.39635132319654
Kota Dumai,250.0891269555904,5,3,1065.3191794143531
Kota Jambi,108.42802047760826,4,2,578.3369895763662
Kota Dumai,185.00297865112765,2,3,692.2551868223682
Kota Dumai,270.01977189036455,3,3,1044.3114804195027
Kota Padang,212.71934226179854,3,1,842.8546646099401
Kota Jambi,183.23944663783382,3,0,723.0189820102906
Kota Jambi,131.08343827884391,2,1,488.33843660424066
Kota Jambi,133.25047826454949,3,0,510.351425685271
Kota Dumai,217.37173879954753,2,3,826.2895898690012
Kota Dumai,298.5348403052919,3,0,1030.4007319366337
Kota Dumai,215.45979746234465,5,3,962.1220594694936
Kota Padang,189.44585434250624,5,2,889.0405374276697
Kota Dumai,232.6626275598115,2,2,824.8487791514663
Kota Padang,166.30140307092955,5,2,781.3531160846094
Kota Jambi,65.03558565019631,2,1,320.64121640235527
Kota Dumai,190.57420396947745,5,1,815.7724191087877
Kota Padang,289.40632112634506,5,3,1163.0618394589176
Kota Padang,93.8257355894149,2,2,421.97435684327013
Kota Dumai,222.50122270516644,4,1,881.4945707391443
Kota Jambi,100.23342216476412,5,2,602.8684215702768
Kota Jambi,183.95692111827032,3,1,777.1903556435963
Kota Jambi,74.1691124116799,4,0,424.4901040234022
Kota Padang,162.59273406454628,2,0,570.9439632728787
Kota Padang,239.04083222381152,4,2,985.4873037665858
Kota Padang,136.89288105974552,1,3,488.90227367283217
Kota Padang,216.22793112180452,1,1,690.9056299448314
Kota Jambi,248.8624901974323,5,1,1004.6854018193424
Kota Dumai,281.79445486986316,5,0,1089.725630199197
Kota Padang,108.66052046386338,3,0,463.600106661246
Kota Padang,149.82897895232702,4,3,708.8566903685206
Kota Jambi,88.10400333260435,1,3,379.80684805273995
Kota Dumai,298.12087553959384,5,3,1225.7418173242843
Kota Dumai,281.7502419810738,4,2,1087.074491420097
Kota Jambi,184.9892825701399,5,0,793.7289227565176
Kota Jambi,260.5083235941053,5,2,1091.817878511104
Kota Dumai,180.23949431801054,1,0,574.364173439429
Kota Padang,205.89642200068994,1,0,635.0372110883234
Kota Dumai,72.28110802900416,5,1,510.96244444510336
Kota Jambi,238.81760512420198,2,0,839.2898802688254
Kota Padang,81.9283709088087,5,0,479.939144882344
Kota Padang,256.5169075631321,5,2,1051.5687456129779
Kota Jambi,245.50702191759646,3,0,868.1825148461908
Kota Jambi,227.1861744357441,3,2,878.091007658535
Kota Jambi,59.040095131190526,3,3,421.7612712209332
Kota Dumai,125.78208898633216,2,0,491.4039029308989
Kota Dumai,115.77814247771072,2,0,468.04892028479276
Kota Padang,140.03410186787977,5,2,726.4968722374595
Kota Jambi,71.91068669095964,3,3,425.729677101697
Kota Padang,284.23945575776565,2,1,994.3851760315233
Kota Padang,188.45056017809407,1,3,690.2522917925382
Kota Padang,126.38107766450588,5,2,697.9321472965803
Kota Padang,149.24537926857084,4,3,698.5451589824775
Kota Jambi,161.80063512620893,5,2,740.639672587719
Kota Padang,200.14858334015432,4,2,861.3507703179245
Kota Jambi,178.91985692412445,3,1,713.7549611844945
Kota Jambi,279.8479933036043,4,0,1033.6230579043884
Kota Dumai,174.24087072645756,3,2,707.9195559332228
Kota Jambi,298.03950370582817,1,2,1035.212237635527
Kota Dumai,262.85623943627394,4,1,995.7248252581364
Kota Jambi,102.12762858933395,5,2,579.3168196314753
Kota Jambi,282.64880366097907,3,0,999.6520956528043
Kota Jambi,79.09159947136902,5,1,530.8846159735663
Kota Dumai,254.3624271227979,2,0,908.6553210989782
Kota Dumai,145.15582336914503,3,0,598.6147693752264
Kota Padang,269.4935801112674,4,1,1003.0725654542136
